sector,features
dwarka expressway,Visitor Parking Park Water Storage Intercom Facility Lift(s) Security  Fire Alarm Feng Shui  Vaastu Compliant Maintenance Staff
gwal pahari,Fitness Centre  GYM Airy Rooms Internetwi-fi connectivity Club house  Community Center Swimming Pool Bank Attached Property High Ceiling Height Lift(s) No open drainage around Power Back-up Centrally Air Conditioned Park Natural Light False Ceiling Lighting Water softening plant Intercom Facility Security Personnel Recently Renovated Feng Shui  Vaastu Compliant Shopping Centre Waste Disposal Separate entry for servant room Security  Fire Alarm Maintenance Staff Visitor Parking Private Garden  Terrace Water purifier Water Storage Low Density Society Spacious Interiors Rain Water Harvesting Piped-gas
manesar,Fitness Centre  GYM Internetwi-fi connectivity Bank Attached Property Lift(s) Power Back-up Park Natural Light Water softening plant Security Personnel Intercom Facility Recently Renovated Feng Shui  Vaastu Compliant Shopping Centre Waste Disposal Separate entry for servant room Security  Fire Alarm Maintenance Staff Visitor Parking Private Garden  Terrace Water Storage Rain Water Harvesting Piped-gas
sector 1,Visitor Parking Fitness Centre  GYM Park Shopping Centre Club house  Community Center Swimming Pool Water Storage Intercom Facility Security Personnel Lift(s) Security  Fire Alarm Feng Shui  Vaastu Compliant Rain Water Harvesting Piped-gas Maintenance Staff
sector 102,Fitness Centre  GYM Airy Rooms Internetwi-fi connectivity Club house  Community Center Swimming Pool Bank Attached Property High Ceiling Height Lift(s) No open drainage around Power Back-up Centrally Air Conditioned Park Natural Light False Ceiling Lighting Water softening plant Intercom Facility Security Personnel Recently Renovated Feng Shui  Vaastu Compliant Shopping Centre Waste Disposal Separate entry for servant room Security  Fire Alarm Maintenance Staff Visitor Parking Private Garden  Terrace Water purifier Water Storage Low Density Society Spacious Interiors Rain Water Harvesting Piped-gas
sector 103,Fitness Centre  GYM Airy Rooms Internetwi-fi connectivity Club house  Community Center Swimming Pool Bank Attached Property High Ceiling Height Lift(s) No open drainage around Power Back-up Centrally Air Conditioned Park Natural Light Water softening plant False Ceiling Lighting Intercom Facility Security Personnel Recently Renovated Feng Shui  Vaastu Compliant Shopping Centre Waste Disposal Separate entry for servant room Security  Fire Alarm Maintenance Staff Visitor Parking Private Garden  Terrace Water purifier Water Storage Low Density Society Spacious Interiors Rain Water Harvesting Piped-gas
sector 104,Fitness Centre  GYM Airy Rooms Internetwi-fi connectivity Club house  Community Center Swimming Pool Bank Attached Property High Ceiling Height Lift(s) No open drainage around Power Back-up Centrally Air Conditioned Park Natural Light False Ceiling Lighting Water softening plant Intercom Facility Security Personnel Recently Renovated Feng Shui  Vaastu Compliant Shopping Centre Waste Disposal Separate entry for servant room Security  Fire Alarm Maintenance Staff Visitor Parking Private Garden  Terrace Water purifier Water Storage Low Density Society Spacious Interiors Rain Water Harvesting Piped-gas
sector 105,Visitor Parking Maintenance Staff Park Private Garden  Terrace Waste Disposal Water Storage Security Personnel Lift(s) Security  Fire Alarm Feng Shui  Vaastu Compliant Power Back-up
sector 106,Fitness Centre  GYM Airy Rooms Internetwi-fi connectivity Club house  Community Center Swimming Pool Bank Attached Property High Ceiling Height Lift(s) No open drainage around Power Back-up Centrally Air Conditioned Park Natural Light False Ceiling Lighting Water softening plant Intercom Facility Security Personnel Recently Renovated Feng Shui  Vaastu Compliant Shopping Centre Waste Disposal Separate entry for servant room Security  Fire Alarm Maintenance Staff Visitor Parking Private Garden  Terrace Water purifier Water Storage Low Density Society Spacious Interiors Rain Water Harvesting Piped-gas
sector 107,Fitness Centre  GYM Airy Rooms Internetwi-fi connectivity Club house  Community Center Swimming Pool Bank Attached Property High Ceiling Height Lift(s) No open drainage around Power Back-up Centrally Air Conditioned Park Natural Light Water softening plant False Ceiling Lighting Intercom Facility Security Personnel Recently Renovated Feng Shui  Vaastu Compliant Shopping Centre Waste Disposal Separate entry for servant room Security  Fire Alarm Maintenance Staff Visitor Parking Private Garden  Terrace Water purifier Water Storage Low Density Society Spacious Interiors Rain Water Harvesting Piped-gas
sector 108,Fitness Centre  GYM Airy Rooms Internetwi-fi connectivity Club house  Community Center Swimming Pool Bank Attached Property High Ceiling Height Lift(s) No open drainage around Power Back-up Centrally Air Conditioned Park Natural Light False Ceiling Lighting Water softening plant Intercom Facility Security Personnel Recently Renovated Feng Shui  Vaastu Compliant Shopping Centre Waste Disposal Separate entry for servant room Security  Fire Alarm Maintenance Staff Visitor Parking Private Garden  Terrace Water purifier Water Storage Low Density Society Spacious Interiors Rain Water Harvesting Piped-gas
sector 109,Fitness Centre  GYM Airy Rooms Internetwi-fi connectivity Club house  Community Center Swimming Pool Bank Attached Property High Ceiling Height Lift(s) No open drainage around Power Back-up Centrally Air Conditioned Park Natural Light Water softening plant False Ceiling Lighting Intercom Facility Security Personnel Recently Renovated Feng Shui  Vaastu Compliant Shopping Centre Waste Disposal Separate entry for servant room Security  Fire Alarm Maintenance Staff Visitor Parking Private Garden  Terrace Water purifier Water Storage Low Density Society Spacious Interiors Rain Water Harvesting Piped-gas
sector 10a,Visitor Parking Fitness Centre  GYM Park Shopping Centre Internetwi-fi connectivity Club house  Community Center Water Storage Bank Attached Property Intercom Facility Security Personnel Separate entry for servant room Lift(s) Security  Fire Alarm Maintenance Staff
sector 11,Fitness Centre  GYM Airy Rooms Internetwi-fi connectivity Bank Attached Property High Ceiling Height No open drainage around Park Natural Light False Ceiling Lighting Recently Renovated Feng Shui  Vaastu Compliant Waste Disposal Separate entry for servant room Security  Fire Alarm Maintenance Staff Visitor Parking Private Garden  Terrace Water Storage Spacious Interiors Rain Water Harvesting
sector 110,Fitness Centre  GYM Airy Rooms Internetwi-fi connectivity Club house  Community Center Swimming Pool Bank Attached Property High Ceiling Height Lift(s) No open drainage around Power Back-up Centrally Air Conditioned Park Natural Light False Ceiling Lighting Water softening plant Intercom Facility Security Personnel Recently Renovated Feng Shui  Vaastu Compliant Shopping Centre Waste Disposal Separate entry for servant room Security  Fire Alarm Maintenance Staff Visitor Parking Private Garden  Terrace Water purifier Water Storage Low Density Society Spacious Interiors Rain Water Harvesting Piped-gas
sector 111,Fitness Centre  GYM Airy Rooms Internetwi-fi connectivity Club house  Community Center Swimming Pool Bank Attached Property High Ceiling Height Lift(s) No open drainage around Power Back-up Centrally Air Conditioned Park Natural Light False Ceiling Lighting Water softening plant Intercom Facility Security Personnel Recently Renovated Feng Shui  Vaastu Compliant Shopping Centre Waste Disposal Separate entry for servant room Security  Fire Alarm Maintenance Staff Visitor Parking Private Garden  Terrace Water purifier Water Storage Low Density Society Spacious Interiors Rain Water Harvesting Piped-gas
sector 112,Fitness Centre  GYM Airy Rooms Internetwi-fi connectivity Club house  Community Center Swimming Pool Bank Attached Property High Ceiling Height Lift(s) No open drainage around Power Back-up Centrally Air Conditioned Park Natural Light Water softening plant False Ceiling Lighting Intercom Facility Security Personnel Recently Renovated Feng Shui  Vaastu Compliant Shopping Centre Waste Disposal Separate entry for servant room Security  Fire Alarm Maintenance Staff Visitor Parking Private Garden  Terrace Water purifier Water Storage Low Density Society Spacious Interiors Rain Water Harvesting Piped-gas
sector 113,Fitness Centre  GYM Airy Rooms Internetwi-fi connectivity Club house  Community Center Swimming Pool Bank Attached Property High Ceiling Height Lift(s) No open drainage around Power Back-up Centrally Air Conditioned Park Natural Light False Ceiling Lighting Water softening plant Intercom Facility Security Personnel Recently Renovated Feng Shui  Vaastu Compliant Shopping Centre Waste Disposal Separate entry for servant room Security  Fire Alarm Maintenance Staff Visitor Parking Private Garden  Terrace Water purifier Water Storage Low Density Society Spacious Interiors Rain Water Harvesting Piped-gas
sector 12,Airy Rooms Internetwi-fi connectivity High Ceiling Height Lift(s) No open drainage around Centrally Air Conditioned Park Natural Light False Ceiling Lighting Intercom Facility Security Personnel Recently Renovated Feng Shui  Vaastu Compliant Waste Disposal Separate entry for servant room Security  Fire Alarm Maintenance Staff Visitor Parking Private Garden  Terrace Water purifier Water Storage Spacious Interiors Rain Water Harvesting
sector 13,Waste Disposal Park Water Storage
sector 14,Fitness Centre  GYM Airy Rooms Internetwi-fi connectivity Club house  Community Center Swimming Pool Bank Attached Property High Ceiling Height Lift(s) No open drainage around Park Natural Light Intercom Facility Security Personnel Recently Renovated Feng Shui  Vaastu Compliant Shopping Centre Waste Disposal Separate entry for servant room Security  Fire Alarm Maintenance Staff Visitor Parking Private Garden  Terrace Water purifier Water Storage Spacious Interiors Rain Water Harvesting
sector 15,Airy Rooms Lift(s) No open drainage around Park Natural Light False Ceiling Lighting Security Personnel Recently Renovated Feng Shui  Vaastu Compliant Shopping Centre Waste Disposal Security  Fire Alarm Maintenance Staff Visitor Parking Private Garden  Terrace Water Storage Low Density Society Rain Water Harvesting Piped-gas
sector 17,Visitor Parking Park Private Garden  Terrace Piped-gas Waste Disposal Water Storage Low Density Society False Ceiling Lighting High Ceiling Height No open drainage around Separate entry for servant room Rain Water Harvesting Feng Shui  Vaastu Compliant Maintenance Staff Visitor Parking Fitness Centre  GYM Park Airy Rooms Internetwi-fi connectivity Club house  Community Center Private Garden  Terrace Natural Light Waste Disposal Water Storage False Ceiling Lighting Bank Attached Property Spacious Interiors No open drainage around Feng Shui  Vaastu Compliant Visitor Parking Park Club house  Community Center Waste Disposal Water Storage Rain Water Harvesting Feng Shui  Vaastu Compliant Maintenance Staff
sector 2,Fitness Centre  GYM Airy Rooms Internetwi-fi connectivity Club house  Community Center Swimming Pool Bank Attached Property High Ceiling Height Lift(s) No open drainage around Power Back-up Centrally Air Conditioned Park Natural Light Water softening plant False Ceiling Lighting Security Personnel Intercom Facility Recently Renovated Feng Shui  Vaastu Compliant Shopping Centre Waste Disposal Separate entry for servant room Security  Fire Alarm Maintenance Staff Visitor Parking Private Garden  Terrace Water purifier Water Storage Low Density Society Spacious Interiors Rain Water Harvesting Piped-gas
sector 21,Visitor Parking Club house  Community Center Private Garden  Terrace Waste Disposal Swimming Pool Security Personnel Security  Fire Alarm
sector 22,Fitness Centre  GYM Airy Rooms Internetwi-fi connectivity Club house  Community Center Swimming Pool Bank Attached Property High Ceiling Height Lift(s) No open drainage around Centrally Air Conditioned Park Natural Light False Ceiling Lighting Water softening plant Intercom Facility Security Personnel Recently Renovated Feng Shui  Vaastu Compliant Shopping Centre Waste Disposal Separate entry for servant room Security  Fire Alarm Maintenance Staff Visitor Parking Private Garden  Terrace Water purifier Water Storage Low Density Society Spacious Interiors Rain Water Harvesting Piped-gas
sector 23,Fitness Centre  GYM Airy Rooms Internetwi-fi connectivity Club house  Community Center Swimming Pool Bank Attached Property High Ceiling Height No open drainage around Park Natural Light False Ceiling Lighting Security Personnel Recently Renovated Feng Shui  Vaastu Compliant Waste Disposal Separate entry for servant room Security  Fire Alarm Maintenance Staff Visitor Parking Private Garden  Terrace Water Storage Low Density Society Spacious Interiors Rain Water Harvesting Piped-gas
sector 24,Fitness Centre  GYM Airy Rooms Internetwi-fi connectivity Club house  Community Center Swimming Pool Bank Attached Property High Ceiling Height Lift(s) No open drainage around Power Back-up Centrally Air Conditioned Park Natural Light False Ceiling Lighting Security Personnel Intercom Facility Recently Renovated Feng Shui  Vaastu Compliant Shopping Centre Waste Disposal Separate entry for servant room Security  Fire Alarm Maintenance Staff Visitor Parking Private Garden  Terrace Water purifier Water Storage Low Density Society Spacious Interiors Rain Water Harvesting Piped-gas
sector 25,Fitness Centre  GYM Airy Rooms Internetwi-fi connectivity Club house  Community Center Swimming Pool Bank Attached Property High Ceiling Height Lift(s) No open drainage around Centrally Air Conditioned Park Natural Light False Ceiling Lighting Intercom Facility Security Personnel Recently Renovated Feng Shui  Vaastu Compliant Waste Disposal Separate entry for servant room Security  Fire Alarm Maintenance Staff Visitor Parking Private Garden  Terrace Water purifier Water Storage Low Density Society Spacious Interiors Rain Water Harvesting Piped-gas
sector 26,Fitness Centre  GYM Airy Rooms Internetwi-fi connectivity Club house  Community Center Swimming Pool Bank Attached Property High Ceiling Height No open drainage around Centrally Air Conditioned Park Natural Light False Ceiling Lighting Security Personnel Recently Renovated Feng Shui  Vaastu Compliant Waste Disposal Separate entry for servant room Security  Fire Alarm Maintenance Staff Visitor Parking Private Garden  Terrace Water purifier Water Storage Low Density Society Spacious Interiors Rain Water Harvesting Piped-gas
sector 27,Fitness Centre  GYM Internetwi-fi connectivity Club house  Community Center Swimming Pool Bank Attached Property High Ceiling Height No open drainage around Park False Ceiling Lighting Security Personnel Feng Shui  Vaastu Compliant Waste Disposal Separate entry for servant room Maintenance Staff Visitor Parking Private Garden  Terrace Water Storage Low Density Society Rain Water Harvesting Piped-gas
sector 28,Fitness Centre  GYM Airy Rooms Internetwi-fi connectivity Club house  Community Center Swimming Pool Bank Attached Property High Ceiling Height Lift(s) No open drainage around Power Back-up Centrally Air Conditioned Park Natural Light False Ceiling Lighting Water softening plant Security Personnel Intercom Facility Recently Renovated Feng Shui  Vaastu Compliant Shopping Centre Waste Disposal Separate entry for servant room Security  Fire Alarm Maintenance Staff Visitor Parking Private Garden  Terrace Water purifier Water Storage Low Density Society Spacious Interiors Rain Water Harvesting Piped-gas
sector 3,Visitor Parking Fitness Centre  GYM Park Shopping Centre Internetwi-fi connectivity Club house  Community Center Private Garden  Terrace Piped-gas Waste Disposal Swimming Pool Water Storage Intercom Facility Power Back-up Lift(s) Security  Fire Alarm Separate entry for servant room Feng Shui  Vaastu Compliant Maintenance Staff Airy Rooms Club house  Community Center Swimming Pool Bank Attached Property High Ceiling Height Lift(s) No open drainage around Park Natural Light False Ceiling Lighting Intercom Facility Security Personnel Feng Shui  Vaastu Compliant Shopping Centre Security  Fire Alarm Maintenance Staff Visitor Parking Water purifier Water Storage Low Density Society Rain Water Harvesting Visitor Parking Park Internetwi-fi connectivity Waste Disposal Water purifier Water Storage Security Personnel Lift(s) Maintenance Staff
sector 30,Fitness Centre  GYM Airy Rooms Internetwi-fi connectivity Club house  Community Center Swimming Pool Bank Attached Property High Ceiling Height Lift(s) No open drainage around Power Back-up Centrally Air Conditioned Park Natural Light False Ceiling Lighting Water softening plant Intercom Facility Security Personnel Recently Renovated Feng Shui  Vaastu Compliant Shopping Centre Waste Disposal Separate entry for servant room Security  Fire Alarm Maintenance Staff Visitor Parking Private Garden  Terrace Water purifier Water Storage Spacious Interiors Rain Water Harvesting Piped-gas
sector 31,Fitness Centre  GYM Airy Rooms Internetwi-fi connectivity Club house  Community Center Swimming Pool Bank Attached Property High Ceiling Height Lift(s) No open drainage around Power Back-up Centrally Air Conditioned Park Natural Light False Ceiling Lighting Water softening plant Security Personnel Intercom Facility Recently Renovated Feng Shui  Vaastu Compliant Shopping Centre Waste Disposal Separate entry for servant room Security  Fire Alarm Maintenance Staff Visitor Parking Private Garden  Terrace Water purifier Low Density Society Water Storage Spacious Interiors Rain Water Harvesting Piped-gas
sector 33,Fitness Centre  GYM Airy Rooms Internetwi-fi connectivity Club house  Community Center Swimming Pool Bank Attached Property High Ceiling Height Lift(s) No open drainage around Power Back-up Park Natural Light False Ceiling Lighting Water softening plant Intercom Facility Security Personnel Recently Renovated Feng Shui  Vaastu Compliant Shopping Centre Waste Disposal Separate entry for servant room Security  Fire Alarm Maintenance Staff Visitor Parking Private Garden  Terrace Water purifier Water Storage Low Density Society Spacious Interiors Rain Water Harvesting Piped-gas
sector 36,Fitness Centre  GYM Airy Rooms Internetwi-fi connectivity Club house  Community Center Swimming Pool High Ceiling Height Lift(s) No open drainage around Park Natural Light Water softening plant Intercom Facility Security Personnel Feng Shui  Vaastu Compliant Shopping Centre Waste Disposal Security  Fire Alarm Maintenance Staff Visitor Parking Water Storage Low Density Society Spacious Interiors Rain Water Harvesting Piped-gas
sector 36a,Fitness Centre  GYM Airy Rooms Internetwi-fi connectivity Club house  Community Center Swimming Pool Lift(s) No open drainage around Park Natural Light Water softening plant Intercom Facility Security Personnel Feng Shui  Vaastu Compliant Shopping Centre Waste Disposal Security  Fire Alarm Maintenance Staff Visitor Parking Water Storage Rain Water Harvesting
sector 37,Visitor Parking Fitness Centre  GYM Club house  Community Center Swimming Pool Lift(s)
sector 37c,Fitness Centre  GYM Airy Rooms Internetwi-fi connectivity Club house  Community Center Swimming Pool Bank Attached Property High Ceiling Height Lift(s) No open drainage around Power Back-up Centrally Air Conditioned Park Natural Light Water softening plant False Ceiling Lighting Intercom Facility Security Personnel Recently Renovated Feng Shui  Vaastu Compliant Shopping Centre Waste Disposal Separate entry for servant room Security  Fire Alarm Maintenance Staff Visitor Parking Water purifier Water Storage Low Density Society Spacious Interiors Rain Water Harvesting Piped-gas
sector 37d,Fitness Centre  GYM Airy Rooms Internetwi-fi connectivity Club house  Community Center Swimming Pool Bank Attached Property High Ceiling Height Lift(s) No open drainage around Power Back-up Centrally Air Conditioned Park Natural Light False Ceiling Lighting Water softening plant Intercom Facility Security Personnel Recently Renovated Feng Shui  Vaastu Compliant Shopping Centre Waste Disposal Separate entry for servant room Security  Fire Alarm Maintenance Staff Visitor Parking Private Garden  Terrace Water purifier Water Storage Low Density Society Spacious Interiors Rain Water Harvesting Piped-gas
sector 38,Fitness Centre  GYM Airy Rooms Internetwi-fi connectivity Club house  Community Center Swimming Pool Bank Attached Property High Ceiling Height Lift(s) No open drainage around Centrally Air Conditioned Park Natural Light False Ceiling Lighting Security Personnel Recently Renovated Feng Shui  Vaastu Compliant Waste Disposal Separate entry for servant room Security  Fire Alarm Maintenance Staff Visitor Parking Private Garden  Terrace Water purifier Water Storage Low Density Society Spacious Interiors Rain Water Harvesting Piped-gas
sector 39,Visitor Parking Park Airy Rooms Internetwi-fi connectivity Natural Light Waste Disposal Water purifier Water Storage False Ceiling Lighting Rain Water Harvesting Intercom Facility High Ceiling Height Lift(s) Security  Fire Alarm No open drainage around Feng Shui  Vaastu Compliant Maintenance Staff
sector 4,Airy Rooms Internetwi-fi connectivity Club house  Community Center High Ceiling Height Lift(s) No open drainage around Park Natural Light False Ceiling Lighting Security Personnel Recently Renovated Feng Shui  Vaastu Compliant Waste Disposal Maintenance Staff Visitor Parking Private Garden  Terrace Water purifier Water Storage Low Density Society Spacious Interiors Rain Water Harvesting
sector 40,Airy Rooms Internetwi-fi connectivity Club house  Community Center Bank Attached Property High Ceiling Height No open drainage around Park Natural Light False Ceiling Lighting Feng Shui  Vaastu Compliant Waste Disposal Separate entry for servant room Security  Fire Alarm Maintenance Staff Visitor Parking Private Garden  Terrace Water purifier Water Storage Low Density Society Spacious Interiors Rain Water Harvesting Piped-gas
sector 41,Fitness Centre  GYM Airy Rooms Internetwi-fi connectivity Club house  Community Center Swimming Pool High Ceiling Height No open drainage around Centrally Air Conditioned Park Natural Light False Ceiling Lighting Security Personnel Recently Renovated Feng Shui  Vaastu Compliant Waste Disposal Separate entry for servant room Security  Fire Alarm Maintenance Staff Visitor Parking Private Garden  Terrace Water purifier Water Storage Low Density Society Spacious Interiors Rain Water Harvesting
sector 43,Fitness Centre  GYM Airy Rooms Internetwi-fi connectivity Club house  Community Center Swimming Pool Bank Attached Property High Ceiling Height Lift(s) No open drainage around Power Back-up Centrally Air Conditioned Park Natural Light False Ceiling Lighting Water softening plant Security Personnel Intercom Facility Recently Renovated Feng Shui  Vaastu Compliant Shopping Centre Waste Disposal Separate entry for servant room Security  Fire Alarm Maintenance Staff Visitor Parking Private Garden  Terrace Water purifier Water Storage Low Density Society Spacious Interiors Rain Water Harvesting Piped-gas
sector 45,Fitness Centre  GYM Airy Rooms Internetwi-fi connectivity Club house  Community Center Bank Attached Property High Ceiling Height Lift(s) No open drainage around Centrally Air Conditioned Park Natural Light False Ceiling Lighting Security Personnel Recently Renovated Feng Shui  Vaastu Compliant Waste Disposal Separate entry for servant room Security  Fire Alarm Maintenance Staff Visitor Parking Private Garden  Terrace Water purifier Water Storage Low Density Society Spacious Interiors Rain Water Harvesting Piped-gas
sector 46,Fitness Centre  GYM Airy Rooms Internetwi-fi connectivity Club house  Community Center Bank Attached Property High Ceiling Height No open drainage around Park Natural Light False Ceiling Lighting Security Personnel Recently Renovated Feng Shui  Vaastu Compliant Waste Disposal Separate entry for servant room Maintenance Staff Visitor Parking Private Garden  Terrace Water Storage Low Density Society Rain Water Harvesting
sector 47,Fitness Centre  GYM Airy Rooms Internetwi-fi connectivity Club house  Community Center Swimming Pool Bank Attached Property High Ceiling Height Lift(s) No open drainage around Power Back-up Centrally Air Conditioned Park Natural Light False Ceiling Lighting Water softening plant Intercom Facility Security Personnel Recently Renovated Feng Shui  Vaastu Compliant Shopping Centre Waste Disposal Separate entry for servant room Security  Fire Alarm Maintenance Staff Visitor Parking Private Garden  Terrace Water purifier Water Storage Low Density Society Spacious Interiors Rain Water Harvesting Piped-gas
sector 48,Fitness Centre  GYM Airy Rooms Internetwi-fi connectivity Club house  Community Center Swimming Pool Bank Attached Property High Ceiling Height Lift(s) No open drainage around Power Back-up Centrally Air Conditioned Park Natural Light False Ceiling Lighting Water softening plant Security Personnel Intercom Facility Recently Renovated Feng Shui  Vaastu Compliant Shopping Centre Waste Disposal Separate entry for servant room Security  Fire Alarm Maintenance Staff Visitor Parking Private Garden  Terrace Water purifier Water Storage Low Density Society Spacious Interiors Rain Water Harvesting Piped-gas
sector 49,Fitness Centre  GYM Airy Rooms Internetwi-fi connectivity Club house  Community Center Swimming Pool Bank Attached Property High Ceiling Height Lift(s) No open drainage around Power Back-up Centrally Air Conditioned Park Natural Light False Ceiling Lighting Water softening plant Intercom Facility Security Personnel Recently Renovated Feng Shui  Vaastu Compliant Shopping Centre Waste Disposal Separate entry for servant room Security  Fire Alarm Maintenance Staff Visitor Parking Private Garden  Terrace Water purifier Water Storage Low Density Society Spacious Interiors Rain Water Harvesting Piped-gas
sector 5,Fitness Centre  GYM Airy Rooms Internetwi-fi connectivity Club house  Community Center Swimming Pool Bank Attached Property High Ceiling Height No open drainage around Centrally Air Conditioned Park Natural Light False Ceiling Lighting Security Personnel Recently Renovated Feng Shui  Vaastu Compliant Waste Disposal Separate entry for servant room Security  Fire Alarm Maintenance Staff Visitor Parking Private Garden  Terrace Water purifier Water Storage Low Density Society Spacious Interiors Rain Water Harvesting Piped-gas
sector 50,Fitness Centre  GYM Airy Rooms Internetwi-fi connectivity Club house  Community Center Swimming Pool Bank Attached Property High Ceiling Height Lift(s) No open drainage around Power Back-up Centrally Air Conditioned Park Natural Light False Ceiling Lighting Water softening plant Intercom Facility Security Personnel Recently Renovated Feng Shui  Vaastu Compliant Shopping Centre Waste Disposal Separate entry for servant room Security  Fire Alarm Maintenance Staff Visitor Parking Private Garden  Terrace Water purifier Water Storage Low Density Society Spacious Interiors Rain Water Harvesting Piped-gas
sector 51,Fitness Centre  GYM Airy Rooms Internetwi-fi connectivity Club house  Community Center Swimming Pool Bank Attached Property High Ceiling Height Lift(s) No open drainage around Power Back-up Park Natural Light False Ceiling Lighting Water softening plant Intercom Facility Security Personnel Recently Renovated Feng Shui  Vaastu Compliant Shopping Centre Waste Disposal Separate entry for servant room Security  Fire Alarm Maintenance Staff Visitor Parking Private Garden  Terrace Water purifier Water Storage Low Density Society Spacious Interiors Rain Water Harvesting
sector 52,Fitness Centre  GYM Airy Rooms Internetwi-fi connectivity Club house  Community Center Swimming Pool Bank Attached Property High Ceiling Height Lift(s) No open drainage around Park Natural Light False Ceiling Lighting Water softening plant Intercom Facility Security Personnel Recently Renovated Feng Shui  Vaastu Compliant Shopping Centre Waste Disposal Separate entry for servant room Security  Fire Alarm Maintenance Staff Visitor Parking Private Garden  Terrace Water purifier Water Storage Low Density Society Spacious Interiors Rain Water Harvesting Piped-gas
sector 53,Fitness Centre  GYM Airy Rooms Internetwi-fi connectivity Club house  Community Center Swimming Pool Bank Attached Property High Ceiling Height Lift(s) No open drainage around Centrally Air Conditioned Park Natural Light Water softening plant False Ceiling Lighting Intercom Facility Security Personnel Recently Renovated Feng Shui  Vaastu Compliant Shopping Centre Waste Disposal Separate entry for servant room Security  Fire Alarm Maintenance Staff Visitor Parking Private Garden  Terrace Water purifier Water Storage Low Density Society Spacious Interiors Rain Water Harvesting Piped-gas
sector 54,Fitness Centre  GYM Airy Rooms Internetwi-fi connectivity Club house  Community Center Swimming Pool Bank Attached Property High Ceiling Height Lift(s) No open drainage around Power Back-up Centrally Air Conditioned Park Natural Light False Ceiling Lighting Water softening plant Intercom Facility Security Personnel Recently Renovated Feng Shui  Vaastu Compliant Shopping Centre Waste Disposal Separate entry for servant room Security  Fire Alarm Maintenance Staff Visitor Parking Private Garden  Terrace Water purifier Water Storage Low Density Society Spacious Interiors Rain Water Harvesting Piped-gas
sector 55,Airy Rooms Internetwi-fi connectivity Club house  Community Center High Ceiling Height Lift(s) No open drainage around Park Natural Light False Ceiling Lighting Security Personnel Intercom Facility Recently Renovated Feng Shui  Vaastu Compliant Waste Disposal Separate entry for servant room Security  Fire Alarm Maintenance Staff Visitor Parking Private Garden  Terrace Water purifier Water Storage Low Density Society Spacious Interiors Rain Water Harvesting
sector 56,Fitness Centre  GYM Airy Rooms Internetwi-fi connectivity Club house  Community Center Swimming Pool Bank Attached Property High Ceiling Height Lift(s) No open drainage around Power Back-up Centrally Air Conditioned Park Natural Light False Ceiling Lighting Water softening plant Intercom Facility Security Personnel Recently Renovated Feng Shui  Vaastu Compliant Shopping Centre Waste Disposal Separate entry for servant room Security  Fire Alarm Maintenance Staff Visitor Parking Private Garden  Terrace Water purifier Water Storage Low Density Society Spacious Interiors Rain Water Harvesting Piped-gas
sector 57,Fitness Centre  GYM Airy Rooms Internetwi-fi connectivity Club house  Community Center Swimming Pool Bank Attached Property High Ceiling Height Lift(s) No open drainage around Power Back-up Centrally Air Conditioned Park Natural Light Water softening plant False Ceiling Lighting Intercom Facility Security Personnel Recently Renovated Feng Shui  Vaastu Compliant Shopping Centre Waste Disposal Separate entry for servant room Security  Fire Alarm Maintenance Staff Visitor Parking Private Garden  Terrace Water purifier Water Storage Low Density Society Spacious Interiors Rain Water Harvesting Piped-gas
sector 58,Fitness Centre  GYM Airy Rooms Internetwi-fi connectivity Club house  Community Center Swimming Pool Bank Attached Property High Ceiling Height Lift(s) No open drainage around Power Back-up Centrally Air Conditioned Park Natural Light False Ceiling Lighting Water softening plant Intercom Facility Security Personnel Recently Renovated Feng Shui  Vaastu Compliant Shopping Centre Waste Disposal Separate entry for servant room Security  Fire Alarm Maintenance Staff Visitor Parking Private Garden  Terrace Water purifier Water Storage Low Density Society Spacious Interiors Rain Water Harvesting Piped-gas
sector 59,Fitness Centre  GYM Airy Rooms Internetwi-fi connectivity Club house  Community Center Swimming Pool High Ceiling Height Lift(s) No open drainage around Power Back-up Centrally Air Conditioned Park Natural Light False Ceiling Lighting Water softening plant Intercom Facility Security Personnel Recently Renovated Feng Shui  Vaastu Compliant Shopping Centre Waste Disposal Separate entry for servant room Security  Fire Alarm Maintenance Staff Visitor Parking Private Garden  Terrace Water purifier Water Storage Low Density Society Spacious Interiors Rain Water Harvesting Piped-gas
sector 6,Fitness Centre  GYM Airy Rooms Internetwi-fi connectivity Club house  Community Center Bank Attached Property High Ceiling Height Lift(s) No open drainage around Park Natural Light False Ceiling Lighting Security Personnel Recently Renovated Waste Disposal Security  Fire Alarm Maintenance Staff Visitor Parking Private Garden  Terrace Water purifier Water Storage Low Density Society Spacious Interiors
sector 60,Fitness Centre  GYM Airy Rooms Internetwi-fi connectivity Club house  Community Center Swimming Pool Bank Attached Property High Ceiling Height Lift(s) No open drainage around Power Back-up Centrally Air Conditioned Park Natural Light False Ceiling Lighting Water softening plant Intercom Facility Security Personnel Recently Renovated Feng Shui  Vaastu Compliant Shopping Centre Waste Disposal Separate entry for servant room Security  Fire Alarm Maintenance Staff Visitor Parking Private Garden  Terrace Water purifier Water Storage Low Density Society Spacious Interiors Rain Water Harvesting Piped-gas
sector 61,Fitness Centre  GYM Airy Rooms Internetwi-fi connectivity Club house  Community Center Swimming Pool Bank Attached Property High Ceiling Height Lift(s) No open drainage around Power Back-up Centrally Air Conditioned Park Natural Light False Ceiling Lighting Water softening plant Security Personnel Intercom Facility Recently Renovated Feng Shui  Vaastu Compliant Shopping Centre Waste Disposal Separate entry for servant room Security  Fire Alarm Maintenance Staff Visitor Parking Private Garden  Terrace Water purifier Water Storage Low Density Society Spacious Interiors Rain Water Harvesting Piped-gas
sector 62,Fitness Centre  GYM Airy Rooms Internetwi-fi connectivity Club house  Community Center Swimming Pool Bank Attached Property High Ceiling Height Lift(s) No open drainage around Power Back-up Centrally Air Conditioned Park Natural Light False Ceiling Lighting Water softening plant Intercom Facility Security Personnel Recently Renovated Feng Shui  Vaastu Compliant Shopping Centre Waste Disposal Separate entry for servant room Security  Fire Alarm Maintenance Staff Visitor Parking Private Garden  Terrace Water purifier Water Storage Low Density Society Spacious Interiors Rain Water Harvesting Piped-gas
sector 63,Fitness Centre  GYM Airy Rooms Club house  Community Center Swimming Pool High Ceiling Height Lift(s) No open drainage around Power Back-up Park Natural Light Water softening plant Intercom Facility Security Personnel Feng Shui  Vaastu Compliant Shopping Centre Waste Disposal Separate entry for servant room Security  Fire Alarm Maintenance Staff Visitor Parking Private Garden  Terrace Water Storage Low Density Society Spacious Interiors Rain Water Harvesting Piped-gas Fitness Centre  GYM Airy Rooms Internetwi-fi connectivity Club house  Community Center Swimming Pool High Ceiling Height Lift(s) No open drainage around Power Back-up Centrally Air Conditioned Park Natural Light False Ceiling Lighting Intercom Facility Security Personnel Feng Shui  Vaastu Compliant Waste Disposal Separate entry for servant room Security  Fire Alarm Maintenance Staff Visitor Parking Private Garden  Terrace Water purifier Water Storage Low Density Society Spacious Interiors Rain Water Harvesting Piped-gas
sector 65,Fitness Centre  GYM Airy Rooms Internetwi-fi connectivity Club house  Community Center Swimming Pool Bank Attached Property High Ceiling Height Lift(s) No open drainage around Power Back-up Centrally Air Conditioned Park Natural Light Water softening plant False Ceiling Lighting Intercom Facility Security Personnel Recently Renovated Feng Shui  Vaastu Compliant Shopping Centre Waste Disposal Separate entry for servant room Security  Fire Alarm Maintenance Staff Visitor Parking Private Garden  Terrace Water purifier Water Storage Low Density Society Spacious Interiors Rain Water Harvesting Piped-gas
sector 66,Fitness Centre  GYM Airy Rooms Internetwi-fi connectivity Club house  Community Center Swimming Pool Bank Attached Property High Ceiling Height Lift(s) No open drainage around Power Back-up Centrally Air Conditioned Park Natural Light False Ceiling Lighting Water softening plant Intercom Facility Security Personnel Recently Renovated Feng Shui  Vaastu Compliant Shopping Centre Waste Disposal Separate entry for servant room Security  Fire Alarm Maintenance Staff Visitor Parking Private Garden  Terrace Water purifier Water Storage Low Density Society Spacious Interiors Rain Water Harvesting Piped-gas
sector 67,Fitness Centre  GYM Airy Rooms Internetwi-fi connectivity Club house  Community Center Swimming Pool Bank Attached Property High Ceiling Height Lift(s) No open drainage around Power Back-up Centrally Air Conditioned Park Natural Light False Ceiling Lighting Water softening plant Intercom Facility Security Personnel Recently Renovated Feng Shui  Vaastu Compliant Shopping Centre Waste Disposal Separate entry for servant room Security  Fire Alarm Maintenance Staff Visitor Parking Private Garden  Terrace Water purifier Water Storage Low Density Society Spacious Interiors Rain Water Harvesting Piped-gas Fitness Centre  GYM Airy Rooms Internetwi-fi connectivity Club house  Community Center Swimming Pool Bank Attached Property High Ceiling Height Lift(s) No open drainage around Power Back-up Centrally Air Conditioned Park Natural Light Water softening plant False Ceiling Lighting Intercom Facility Security Personnel Recently Renovated Feng Shui  Vaastu Compliant Shopping Centre Waste Disposal Separate entry for servant room Security  Fire Alarm Maintenance Staff Visitor Parking Private Garden  Terrace Water purifier Water Storage Low Density Society Spacious Interiors Rain Water Harvesting Piped-gas
sector 68,Fitness Centre  GYM Airy Rooms Internetwi-fi connectivity Club house  Community Center Swimming Pool Bank Attached Property High Ceiling Height Lift(s) No open drainage around Power Back-up Park Natural Light Water softening plant False Ceiling Lighting Intercom Facility Security Personnel Recently Renovated Feng Shui  Vaastu Compliant Shopping Centre Waste Disposal Separate entry for servant room Security  Fire Alarm Maintenance Staff Visitor Parking Water purifier Water Storage Low Density Society Spacious Interiors Rain Water Harvesting Piped-gas
sector 69,Fitness Centre  GYM Airy Rooms Internetwi-fi connectivity Club house  Community Center Swimming Pool Bank Attached Property High Ceiling Height Lift(s) No open drainage around Power Back-up Centrally Air Conditioned Park Natural Light False Ceiling Lighting Water softening plant Intercom Facility Security Personnel Recently Renovated Feng Shui  Vaastu Compliant Shopping Centre Waste Disposal Separate entry for servant room Security  Fire Alarm Maintenance Staff Visitor Parking Private Garden  Terrace Water purifier Water Storage Low Density Society Spacious Interiors Rain Water Harvesting Piped-gas
sector 7,Fitness Centre  GYM Airy Rooms High Ceiling Height Lift(s) No open drainage around Park Natural Light False Ceiling Lighting Intercom Facility Security Personnel Recently Renovated Feng Shui  Vaastu Compliant Waste Disposal Security  Fire Alarm Maintenance Staff Visitor Parking Private Garden  Terrace Low Density Society Water Storage Spacious Interiors
sector 70,Fitness Centre  GYM Airy Rooms Internetwi-fi connectivity Club house  Community Center Swimming Pool Bank Attached Property High Ceiling Height Lift(s) No open drainage around Power Back-up Centrally Air Conditioned Park Natural Light Water softening plant False Ceiling Lighting Intercom Facility Security Personnel Recently Renovated Feng Shui  Vaastu Compliant Shopping Centre Waste Disposal Separate entry for servant room Security  Fire Alarm Maintenance Staff Visitor Parking Private Garden  Terrace Water purifier Water Storage Low Density Society Spacious Interiors Rain Water Harvesting Piped-gas
sector 70a,Fitness Centre  GYM Airy Rooms Internetwi-fi connectivity Club house  Community Center Swimming Pool Bank Attached Property High Ceiling Height Lift(s) No open drainage around Power Back-up Centrally Air Conditioned Park Natural Light False Ceiling Lighting Water softening plant Security Personnel Intercom Facility Recently Renovated Feng Shui  Vaastu Compliant Shopping Centre Waste Disposal Separate entry for servant room Security  Fire Alarm Maintenance Staff Visitor Parking Private Garden  Terrace Water purifier Water Storage Low Density Society Spacious Interiors Rain Water Harvesting Piped-gas
sector 71,Fitness Centre  GYM Airy Rooms Internetwi-fi connectivity Club house  Community Center Swimming Pool Bank Attached Property High Ceiling Height Lift(s) No open drainage around Power Back-up Centrally Air Conditioned Park Natural Light Water softening plant False Ceiling Lighting Intercom Facility Security Personnel Recently Renovated Feng Shui  Vaastu Compliant Shopping Centre Waste Disposal Separate entry for servant room Security  Fire Alarm Maintenance Staff Visitor Parking Private Garden  Terrace Water purifier Water Storage Low Density Society Spacious Interiors Rain Water Harvesting Piped-gas
sector 72,Fitness Centre  GYM Airy Rooms Internetwi-fi connectivity Club house  Community Center Swimming Pool Bank Attached Property High Ceiling Height Lift(s) No open drainage around Power Back-up Centrally Air Conditioned Park Natural Light False Ceiling Lighting Water softening plant Intercom Facility Security Personnel Recently Renovated Feng Shui  Vaastu Compliant Shopping Centre Waste Disposal Separate entry for servant room Security  Fire Alarm Maintenance Staff Visitor Parking Private Garden  Terrace Water purifier Water Storage Low Density Society Spacious Interiors Rain Water Harvesting Piped-gas
sector 73,Fitness Centre  GYM Internetwi-fi connectivity Club house  Community Center Swimming Pool High Ceiling Height Lift(s) No open drainage around Power Back-up Centrally Air Conditioned Park False Ceiling Lighting Security Personnel Intercom Facility Feng Shui  Vaastu Compliant Waste Disposal Separate entry for servant room Maintenance Staff Visitor Parking Private Garden  Terrace Water Storage Low Density Society Rain Water Harvesting
sector 74,Fitness Centre  GYM Airy Rooms Internetwi-fi connectivity Club house  Community Center Swimming Pool Bank Attached Property High Ceiling Height Lift(s) No open drainage around Power Back-up Centrally Air Conditioned Park Natural Light False Ceiling Lighting Water softening plant Intercom Facility Security Personnel Recently Renovated Feng Shui  Vaastu Compliant Shopping Centre Waste Disposal Separate entry for servant room Security  Fire Alarm Maintenance Staff Visitor Parking Private Garden  Terrace Water purifier Water Storage Low Density Society Spacious Interiors Rain Water Harvesting Piped-gas
sector 76,Fitness Centre  GYM Airy Rooms Internetwi-fi connectivity Club house  Community Center Swimming Pool Bank Attached Property High Ceiling Height Lift(s) No open drainage around Power Back-up Centrally Air Conditioned Park Natural Light False Ceiling Lighting Water softening plant Intercom Facility Security Personnel Feng Shui  Vaastu Compliant Shopping Centre Waste Disposal Separate entry for servant room Security  Fire Alarm Maintenance Staff Visitor Parking Water Storage Low Density Society Spacious Interiors Rain Water Harvesting Piped-gas
sector 77,Fitness Centre  GYM Airy Rooms Internetwi-fi connectivity Club house  Community Center Swimming Pool Bank Attached Property High Ceiling Height Lift(s) No open drainage around Power Back-up Centrally Air Conditioned Park Natural Light False Ceiling Lighting Water softening plant Security Personnel Intercom Facility Recently Renovated Feng Shui  Vaastu Compliant Shopping Centre Waste Disposal Separate entry for servant room Security  Fire Alarm Maintenance Staff Visitor Parking Private Garden  Terrace Water purifier Water Storage Low Density Society Spacious Interiors Rain Water Harvesting Piped-gas
sector 78,Fitness Centre  GYM Airy Rooms Internetwi-fi connectivity Club house  Community Center Swimming Pool Bank Attached Property High Ceiling Height Lift(s) No open drainage around Power Back-up Park Natural Light Intercom Facility Security Personnel Recently Renovated Feng Shui  Vaastu Compliant Shopping Centre Waste Disposal Separate entry for servant room Security  Fire Alarm Maintenance Staff Visitor Parking Water Storage Spacious Interiors Rain Water Harvesting Piped-gas
sector 79,Fitness Centre  GYM Airy Rooms Internetwi-fi connectivity Club house  Community Center Swimming Pool Bank Attached Property High Ceiling Height Lift(s) No open drainage around Power Back-up Centrally Air Conditioned Park Natural Light False Ceiling Lighting Water softening plant Intercom Facility Security Personnel Recently Renovated Feng Shui  Vaastu Compliant Shopping Centre Waste Disposal Separate entry for servant room Security  Fire Alarm Maintenance Staff Visitor Parking Private Garden  Terrace Water purifier Water Storage Low Density Society Spacious Interiors Rain Water Harvesting Piped-gas
sector 8,Park Feng Shui  Vaastu Compliant Water Storage
sector 80,Fitness Centre  GYM Internetwi-fi connectivity Club house  Community Center Swimming Pool Bank Attached Property High Ceiling Height Lift(s) No open drainage around Power Back-up Park Natural Light Water softening plant Intercom Facility Security Personnel Recently Renovated Feng Shui  Vaastu Compliant Shopping Centre Waste Disposal Security  Fire Alarm Maintenance Staff Visitor Parking Water Storage Rain Water Harvesting
sector 81,Fitness Centre  GYM Airy Rooms Internetwi-fi connectivity Club house  Community Center Swimming Pool Bank Attached Property High Ceiling Height Lift(s) No open drainage around Power Back-up Centrally Air Conditioned Park Natural Light False Ceiling Lighting Water softening plant Intercom Facility Security Personnel Recently Renovated Feng Shui  Vaastu Compliant Shopping Centre Waste Disposal Separate entry for servant room Security  Fire Alarm Maintenance Staff Visitor Parking Private Garden  Terrace Water purifier Water Storage Low Density Society Spacious Interiors Rain Water Harvesting Piped-gas
sector 82,Fitness Centre  GYM Airy Rooms Internetwi-fi connectivity Club house  Community Center Swimming Pool Bank Attached Property High Ceiling Height Lift(s) No open drainage around Power Back-up Centrally Air Conditioned Park Natural Light False Ceiling Lighting Water softening plant Intercom Facility Security Personnel Recently Renovated Feng Shui  Vaastu Compliant Shopping Centre Waste Disposal Separate entry for servant room Security  Fire Alarm Maintenance Staff Visitor Parking Private Garden  Terrace Water purifier Water Storage Low Density Society Spacious Interiors Rain Water Harvesting Piped-gas Fitness Centre  GYM Airy Rooms Internetwi-fi connectivity Club house  Community Center Swimming Pool Bank Attached Property High Ceiling Height Lift(s) No open drainage around Power Back-up Centrally Air Conditioned Park Natural Light False Ceiling Lighting Water softening plant Intercom Facility Security Personnel Recently Renovated Feng Shui  Vaastu Compliant Shopping Centre Waste Disposal Separate entry for servant room Security  Fire Alarm Maintenance Staff Visitor Parking Private Garden  Terrace Water purifier Water Storage Low Density Society Spacious Interiors Rain Water Harvesting Piped-gas
sector 83,Fitness Centre  GYM Airy Rooms Internetwi-fi connectivity Club house  Community Center Swimming Pool Bank Attached Property High Ceiling Height Lift(s) No open drainage around Power Back-up Centrally Air Conditioned Park Natural Light False Ceiling Lighting Water softening plant Intercom Facility Security Personnel Recently Renovated Feng Shui  Vaastu Compliant Shopping Centre Waste Disposal Separate entry for servant room Security  Fire Alarm Maintenance Staff Visitor Parking Private Garden  Terrace Water purifier Water Storage Low Density Society Spacious Interiors Rain Water Harvesting Piped-gas
sector 84,Fitness Centre  GYM Airy Rooms Internetwi-fi connectivity Club house  Community Center Swimming Pool Bank Attached Property High Ceiling Height Lift(s) No open drainage around Power Back-up Centrally Air Conditioned Park Natural Light Water softening plant False Ceiling Lighting Intercom Facility Security Personnel Recently Renovated Feng Shui  Vaastu Compliant Shopping Centre Waste Disposal Separate entry for servant room Security  Fire Alarm Maintenance Staff Visitor Parking Private Garden  Terrace Water purifier Low Density Society Water Storage Spacious Interiors Rain Water Harvesting Piped-gas
sector 85,Fitness Centre  GYM Airy Rooms Internetwi-fi connectivity Club house  Community Center Swimming Pool Bank Attached Property High Ceiling Height Lift(s) No open drainage around Power Back-up Centrally Air Conditioned Park Natural Light False Ceiling Lighting Water softening plant Intercom Facility Security Personnel Recently Renovated Feng Shui  Vaastu Compliant Shopping Centre Waste Disposal Separate entry for servant room Security  Fire Alarm Maintenance Staff Visitor Parking Private Garden  Terrace Water purifier Water Storage Low Density Society Spacious Interiors Rain Water Harvesting Piped-gas
sector 86,Fitness Centre  GYM Airy Rooms Internetwi-fi connectivity Club house  Community Center Swimming Pool Bank Attached Property High Ceiling Height Lift(s) No open drainage around Power Back-up Centrally Air Conditioned Park Natural Light False Ceiling Lighting Water softening plant Intercom Facility Security Personnel Recently Renovated Feng Shui  Vaastu Compliant Shopping Centre Waste Disposal Separate entry for servant room Security  Fire Alarm Maintenance Staff Visitor Parking Private Garden  Terrace Water purifier Water Storage Low Density Society Spacious Interiors Rain Water Harvesting Piped-gas
sector 88,Fitness Centre  GYM Airy Rooms Internetwi-fi connectivity Club house  Community Center Swimming Pool Bank Attached Property High Ceiling Height Lift(s) No open drainage around Power Back-up Centrally Air Conditioned Park Natural Light False Ceiling Lighting Water softening plant Intercom Facility Security Personnel Recently Renovated Feng Shui  Vaastu Compliant Shopping Centre Waste Disposal Separate entry for servant room Security  Fire Alarm Maintenance Staff Visitor Parking Private Garden  Terrace Water purifier Water Storage Low Density Society Spacious Interiors Rain Water Harvesting Piped-gas Fitness Centre  GYM Airy Rooms Internetwi-fi connectivity Club house  Community Center Swimming Pool High Ceiling Height Lift(s) No open drainage around Centrally Air Conditioned Park Natural Light False Ceiling Lighting Water softening plant Intercom Facility Security Personnel Recently Renovated Feng Shui  Vaastu Compliant Shopping Centre Waste Disposal Separate entry for servant room Security  Fire Alarm Maintenance Staff Visitor Parking Private Garden  Terrace Water purifier Water Storage Low Density Society Spacious Interiors Rain Water Harvesting Piped-gas
sector 89,Fitness Centre  GYM Airy Rooms Internetwi-fi connectivity Club house  Community Center Swimming Pool High Ceiling Height Lift(s) No open drainage around Power Back-up Park Natural Light False Ceiling Lighting Water softening plant Intercom Facility Security Personnel Feng Shui  Vaastu Compliant Shopping Centre Waste Disposal Security  Fire Alarm Maintenance Staff Visitor Parking Private Garden  Terrace Water Storage Low Density Society Spacious Interiors Rain Water Harvesting Piped-gas
sector 9,Visitor Parking Park Airy Rooms Private Garden  Terrace Natural Light Waste Disposal Low Density Society Security Personnel Recently Renovated Spacious Interiors No open drainage around Feng Shui  Vaastu Compliant Airy Rooms Internetwi-fi connectivity Club house  Community Center Lift(s) No open drainage around Power Back-up Park Natural Light Security Personnel Feng Shui  Vaastu Compliant Waste Disposal Security  Fire Alarm Maintenance Staff Visitor Parking Private Garden  Terrace Water Storage Low Density Society Spacious Interiors Rain Water Harvesting Piped-gas
sector 90,Fitness Centre  GYM Airy Rooms Internetwi-fi connectivity Club house  Community Center Swimming Pool Bank Attached Property High Ceiling Height Lift(s) No open drainage around Power Back-up Centrally Air Conditioned Park Natural Light Water softening plant False Ceiling Lighting Intercom Facility Security Personnel Recently Renovated Feng Shui  Vaastu Compliant Shopping Centre Waste Disposal Separate entry for servant room Security  Fire Alarm Maintenance Staff Visitor Parking Private Garden  Terrace Water purifier Water Storage Low Density Society Spacious Interiors Rain Water Harvesting Piped-gas
sector 91,Fitness Centre  GYM Airy Rooms Internetwi-fi connectivity Club house  Community Center Swimming Pool Bank Attached Property High Ceiling Height Lift(s) No open drainage around Power Back-up Centrally Air Conditioned Park Natural Light Water softening plant Intercom Facility Security Personnel Feng Shui  Vaastu Compliant Shopping Centre Waste Disposal Separate entry for servant room Security  Fire Alarm Maintenance Staff Visitor Parking Private Garden  Terrace Water purifier Water Storage Low Density Society Spacious Interiors Rain Water Harvesting Piped-gas
sector 92,Fitness Centre  GYM Airy Rooms Internetwi-fi connectivity Club house  Community Center Swimming Pool Bank Attached Property High Ceiling Height Lift(s) No open drainage around Power Back-up Centrally Air Conditioned Park Natural Light Water softening plant False Ceiling Lighting Intercom Facility Security Personnel Recently Renovated Feng Shui  Vaastu Compliant Shopping Centre Waste Disposal Separate entry for servant room Security  Fire Alarm Maintenance Staff Visitor Parking Private Garden  Terrace Water purifier Water Storage Low Density Society Spacious Interiors Rain Water Harvesting Piped-gas
sector 93,Fitness Centre  GYM Airy Rooms Internetwi-fi connectivity Club house  Community Center Swimming Pool Bank Attached Property Lift(s) No open drainage around Power Back-up Centrally Air Conditioned Park Natural Light False Ceiling Lighting Water softening plant Intercom Facility Recently Renovated Feng Shui  Vaastu Compliant Shopping Centre Waste Disposal Security  Fire Alarm Maintenance Staff Visitor Parking Private Garden  Terrace Water purifier Water Storage Spacious Interiors Rain Water Harvesting Piped-gas
sector 95,Fitness Centre  GYM Airy Rooms Internetwi-fi connectivity Club house  Community Center Swimming Pool Bank Attached Property High Ceiling Height Lift(s) No open drainage around Power Back-up Park Natural Light Water softening plant False Ceiling Lighting Intercom Facility Security Personnel Feng Shui  Vaastu Compliant Shopping Centre Waste Disposal Security  Fire Alarm Maintenance Staff Visitor Parking Private Garden  Terrace Water Storage Low Density Society Spacious Interiors Rain Water Harvesting Piped-gas
sector 99,Fitness Centre  GYM Airy Rooms Internetwi-fi connectivity Club house  Community Center Swimming Pool High Ceiling Height Lift(s) No open drainage around Centrally Air Conditioned Park Natural Light False Ceiling Lighting Water softening plant Security Personnel Intercom Facility Recently Renovated Feng Shui  Vaastu Compliant Shopping Centre Waste Disposal Separate entry for servant room Security  Fire Alarm Maintenance Staff Visitor Parking Private Garden  Terrace Water purifier Water Storage Low Density Society Spacious Interiors Rain Water Harvesting Piped-gas Fitness Centre  GYM Airy Rooms Internetwi-fi connectivity Club house  Community Center Swimming Pool Bank Attached Property High Ceiling Height Lift(s) No open drainage around Power Back-up Centrally Air Conditioned Park Natural Light Water softening plant False Ceiling Lighting Intercom Facility Security Personnel Recently Renovated Feng Shui  Vaastu Compliant Shopping Centre Waste Disposal Separate entry for servant room Security  Fire Alarm Maintenance Staff Visitor Parking Private Garden  Terrace Water purifier Water Storage Low Density Society Spacious Interiors Rain Water Harvesting Piped-gas
sohna road,Fitness Centre  GYM Airy Rooms Internetwi-fi connectivity Club house  Community Center Swimming Pool Bank Attached Property High Ceiling Height Lift(s) No open drainage around Power Back-up Centrally Air Conditioned Park Natural Light False Ceiling Lighting Water softening plant Intercom Facility Security Personnel Recently Renovated Feng Shui  Vaastu Compliant Shopping Centre Waste Disposal Separate entry for servant room Security  Fire Alarm Maintenance Staff Visitor Parking Private Garden  Terrace Water purifier Water Storage Low Density Society Spacious Interiors Rain Water Harvesting Piped-gas Visitor Parking Park Private Garden  Terrace Waste Disposal Water Storage Bank Attached Property Intercom Facility Lift(s) Security  Fire Alarm Rain Water Harvesting Feng Shui  Vaastu Compliant Maintenance Staff